sample	path	study	patient_id	donor_vital_status	donor_survival_time	disease_free_status	disease_free_time	TP53_status	Amino_Acid	TP53_mut_wt	TP53_miss_trunc	TP53_hotspot_trunc	TP53_R175_trunc	TP53_R248_trunc	TP53_R273_trunc	TP53_R282_trunc
ICGC-ABMB-20100303-07-TR	ICGC-ABMB-20100303-07-TR	ICGC	ICGC_0007	DECEASED	1.87		NA	Frame_Shift_Del	P72P	MUT	trunc	trunc	trunc	trunc	trunc	trunc
ICGC-ABMB-20100303-10-TR	ICGC-ABMB-20100303-10-TR	ICGC	ICGC_0025	DECEASED	11.6		NA	WT		WT						
ICGC-ABMB-20121012-002	ICGC-ABMB-20121012-002	ICGC	ICGC_0006	LIVING	57.17		NA	Frame_Shift_Del	V218V	MUT	trunc	trunc	trunc	trunc	trunc	trunc
ICGC-ABMB-20121012-037	ICGC-ABMB-20121012-037	ICGC	ICGC_0214	DECEASED	13.33		NA	Missense_Mutation	A159V	MUT	miss					
ICGC-ABMB-20121012-039	ICGC-ABMB-20121012-039	ICGC	ICGC_0215	DECEASED	23.97		NA	WT		WT						
ICGC-ABMB-20121119-041	ICGC-ABMB-20121119-041	ICGC	ICGC_0188	DECEASED	7.87		NA	Missense_Mutation	K132R	MUT	miss					
ICGC-ABMB-20121119-054	ICGC-ABMB-20121119-054	ICGC	ICGC_0235	DECEASED	17.9		NA	Missense_Mutation	R273H	MUT	miss	hotspot			R273	
ICGC-ABMB-20121221-006	ICGC-ABMB-20121221-006	ICGC	ICGC_0087	DECEASED	12.03		NA	Nonsense_Mutation	R213*	MUT	trunc	trunc	trunc	trunc	trunc	trunc
ICGC-ABMB-20121221-011	ICGC-ABMB-20121221-011	ICGC	ICGC_0139	LIVING	33.8		NA	Missense_Mutation	R273C	MUT	miss	hotspot			R273	
ICGC-ABMB-20121221-012	ICGC-ABMB-20121221-012	ICGC	ICGC_0144	LIVING	28.23		NA	WT		WT						
ICGC-ABMB-20121221-029	ICGC-ABMB-20121221-029	ICGC	ICGC_0199	DECEASED	17.9		NA	Splice_Site	-888	MUT	trunc	trunc	trunc	trunc	trunc	trunc
ICGC-ABMB-20121221-032	ICGC-ABMB-20121221-032	ICGC	ICGC_0201	DECEASED	23.63		NA	Missense_Mutation	Y220C	MUT	miss					
ICGC-ABMB-20121221-035	ICGC-ABMB-20121221-035	ICGC	ICGC_0223	DECEASED	7.33		NA	Missense_Mutation	G266R	MUT	miss					
ICGC-ABMB-20121221-093	ICGC-ABMB-20121221-093	ICGC	ICGC_0185	LIVING	27.8		NA	Frame_Shift_Del	F212F	MUT	trunc	trunc	trunc	trunc	trunc	trunc
ICGC-ABMB-20130207-008	ICGC-ABMB-20130207-008	ICGC	ICGC_0135	LIVING	30.3		NA	Nonsense_Mutation	E294*	MUT	trunc	trunc	trunc	trunc	trunc	trunc
ICGC-ABMB-20130207-014	ICGC-ABMB-20130207-014	ICGC	ICGC_0224	LIVING	22.2		NA	Missense_Mutation	R282W	MUT	miss	hotspot				R282
ICGC-ABMB-20130207-027	ICGC-ABMB-20130207-027	ICGC	ICGC_0315	DECEASED	7.53		NA	Missense_Mutation	I162N	MUT	miss					
ICGC-ABMB-20130207-035	ICGC-ABMB-20130207-035	ICGC	ICGC_0296	LIVING	22.97		NA	Missense_Mutation	K132Q	MUT	miss					
ICGC-ABMB-20130207-050	ICGC-ABMB-20130207-050	ICGC	ICGC_0303	DECEASED	6.77		NA	Missense_Mutation	H214R	MUT	miss					
ICGC-ABMB-20130207-072	ICGC-ABMB-20130207-072	ICGC	ICGC_0304	LIVING	24.03		NA	Splice_Site	-888	MUT	trunc	trunc	trunc	trunc	trunc	trunc
ICGC-ABMB-20130207-075	ICGC-ABMB-20130207-075	ICGC	ICGC_0312	DECEASED	14.23		NA	Missense_Mutation	R337C	MUT	miss					
ICGC-ABMB-20130207-078	ICGC-ABMB-20130207-078	ICGC	ICGC_0295	LIVING	20.87		NA	WT		WT						
ICGC-ABMB-20130207-081	ICGC-ABMB-20130207-081	ICGC	ICGC_0309	DECEASED	9.9		NA	Frame_Shift_Del	S241S	MUT	trunc	trunc	trunc	trunc	trunc	trunc
ICGC-ABMB-20130207-088	ICGC-ABMB-20130207-088	ICGC	ICGC_0300	LIVING	18		NA	WT		WT						
ICGC-ABMB-20130416-033	ICGC-ABMB-20130416-033	ICGC	ICGC_0321	LIVING	38.07		NA	In_Frame_Del	PHHERC177-	MUT						
ICGC-ABMB-20130416-047	ICGC-ABMB-20130416-047	ICGC	ICGC_0326	DECEASED	9.07		NA	Splice_Site	-888	MUT	trunc	trunc	trunc	trunc	trunc	trunc
ICGC-ABMB-20130607-006	ICGC-ABMB-20130607-006	ICGC	ICGC_0053	DECEASED	20.33		NA	WT		WT						
ICGC-ABMB-20130607-020	ICGC-ABMB-20130607-020	ICGC	ICGC_0338	DECEASED	21.07		NA	WT		WT						
ICGC-ABMB-20130816-033	ICGC-ABMB-20130816-033	ICGC	ICGC_0150	LIVING	28.13		NA	WT		WT						
ICGC-ABMB-20130913-004	ICGC-ABMB-20130913-004	ICGC	ICGC_0354	DECEASED	5.6		NA	Missense_Mutation	R273H	MUT	miss	hotspot			R273	
ICGC-ABMB-20130913-006	ICGC-ABMB-20130913-006	ICGC	ICGC_0365	LIVING	11.23		NA	WT		WT						
ICGC-ABMB-20131010-009	ICGC-ABMB-20131010-009	ICGC	ICGC_0391	DECEASED	16		NA	WT		WT						
ICGC-ABMB-20131010-015	ICGC-ABMB-20131010-015	ICGC	ICGC_0395	DECEASED	8.67		NA	Missense_Mutation	R248Q	MUT	miss	hotspot		R248		
ICGC-ABMB-20131010-024	ICGC-ABMB-20131010-024	ICGC	ICGC_0393	LIVING	2.77		NA	Frame_Shift_Ins	DP57DP	MUT	trunc	trunc	trunc	trunc	trunc	trunc
ICGC-ABMB-20131010-030	ICGC-ABMB-20131010-030	ICGC	ICGC_0392	DECEASED	11.07		NA	Missense_Mutation	I195T	MUT	miss					
ICGC-ABMB-20131010-063	ICGC-ABMB-20131010-063	ICGC	ICGC_0406	LIVING	13.77		NA	WT		WT						
ICGC-ABMB-20131010-081	ICGC-ABMB-20131010-081	ICGC	ICGC_0412	LIVING	13.07		NA	Missense_Mutation	P278R	MUT	miss					
ICGC-ABMB-20131010-092	ICGC-ABMB-20131010-092	ICGC	ICGC_0415	LIVING	6.27		NA	Frame_Shift_Del	P85P	MUT	trunc	trunc	trunc	trunc	trunc	trunc
ICGC-ABMB-20131010-097	ICGC-ABMB-20131010-097	ICGC	ICGC_0417	LIVING	9		NA	Splice_Site	-888	MUT	trunc	trunc	trunc	trunc	trunc	trunc
ICGC-ABMB-20131010-104	ICGC-ABMB-20131010-104	ICGC	ICGC_0419	LIVING	7.73		NA	In_Frame_Del	IT255T	MUT						
ICGC-ABMB-20131010-107	ICGC-ABMB-20131010-107	ICGC	ICGC_0420	DECEASED	7.67		NA	Nonsense_Mutation	S183*	MUT	trunc	trunc	trunc	trunc	trunc	trunc
ICGC-ABMB-20131023-006	ICGC-ABMB-20131023-006	ICGC	ICGC_0099	DECEASED	0.27		NA	Missense_Mutation	R273H	MUT	miss	hotspot			R273	
ICGC-ABMB-20131107-012	ICGC-ABMB-20131107-012	ICGC	ICGC_0020	DECEASED	41.97		NA	Missense_Mutation	I195F	MUT	miss					
ICGC-ABMB-20131107-041	ICGC-ABMB-20131107-041	ICGC	ICGC_0124	DECEASED	15.5		NA	WT		WT						
ICGC-ABMB-20131107-052	ICGC-ABMB-20131107-052	ICGC	ICGC_0192	DECEASED	3.3		NA	WT		WT						
ICGC-ABMB-20131107-098	ICGC-ABMB-20131107-098	ICGC	ICGC_0227	DECEASED	9.57		NA	Missense_Mutation	R175G	MUT	miss	hotspot	R175			
ICGC-ABMB-20131107-103	ICGC-ABMB-20131107-103	ICGC	ICGC_0313	LIVING	16.93		NA	Missense_Mutation	S215N	MUT	miss					
ICGC-ABMB-20131120-018	ICGC-ABMB-20131120-018	ICGC	ICGC_0502	DECEASED	34.03		NA	Missense_Mutation	R282W	MUT	miss	hotspot				R282
ICGC-ABMB-20131120-020	ICGC-ABMB-20131120-020	ICGC	ICGC_0503		NA		NA	WT		WT						
ICGC-ABMB-20131120-034	ICGC-ABMB-20131120-034	ICGC	ICGC_0507	DECEASED	51.13		NA	WT		WT						
ICGC-ABMB-20131128-014	ICGC-ABMB-20131128-014	ICGC	ICGC_0518	DECEASED	0.9		NA	Missense_Mutation	L130F	MUT	miss					
ICGC-ABMB-20131128-024	ICGC-ABMB-20131128-024	ICGC	ICGC_0521	DECEASED	14.3		NA	Missense_Mutation	S106R	MUT	miss					
ICGC-ABMB-20131128-026	ICGC-ABMB-20131128-026	ICGC	ICGC_0522	DECEASED	15.17		NA	Splice_Site	-888	MUT	trunc	trunc	trunc	trunc	trunc	trunc
ICGC-ABMB-20131128-039	ICGC-ABMB-20131128-039	ICGC	ICGC_0526	DECEASED	0.03		NA	Missense_Mutation	R248Q	MUT	miss	hotspot		R248		
ICGC-ABMJ-20100702-15-TR	ICGC-ABMJ-20100702-15-TR	ICGC	ICGC_0075	DECEASED	15.87		NA	WT		WT						
ICGC-ABMJ-20100729-06-TR	ICGC-ABMJ-20100729-06-TR	ICGC	ICGC_0026	DECEASED	8.67		NA	In_Frame_Del	CPVQLW141W	MUT						
ICGC-ABMJ-20100729-09-TR	ICGC-ABMJ-20100729-09-TR	ICGC	ICGC_0031	DECEASED	35.9		NA	Missense_Mutation	R282W	MUT	miss	hotspot				R282
ICGC-ABMJ-20100729-18-TR	ICGC-ABMJ-20100729-18-TR	ICGC	ICGC_0048	LIVING	41.93		NA	WT		WT						
ICGC-ABMJ-20100813-22-TR	ICGC-ABMJ-20100813-22-TR	ICGC	ICGC_0021	DECEASED	23.83		NA	Missense_Mutation	R196P	MUT	miss					
ICGC-ABMJ-20100813-28-TR	ICGC-ABMJ-20100813-28-TR	ICGC	ICGC_0033	DECEASED	25.6		NA	Missense_Mutation	I162N	MUT	miss					
ICGC-ABMJ-20100903-06-TR	ICGC-ABMJ-20100903-06-TR	ICGC	ICGC_0051	DECEASED	20.17		NA	WT		WT						
ICGC-ABMJ-20100903-09-TR	ICGC-ABMJ-20100903-09-TR	ICGC	ICGC_0037	DECEASED	5.13		NA	Splice_Site	-888	MUT	trunc	trunc	trunc	trunc	trunc	trunc
ICGC-ABMJ-20101130-03-TR	ICGC-ABMJ-20101130-03-TR	ICGC	ICGC_0054	DECEASED	2.6		NA	Frame_Shift_Ins	P152P	MUT	trunc	trunc	trunc	trunc	trunc	trunc
ICGC-ABMJ-20101130-06-TR	ICGC-ABMJ-20101130-06-TR	ICGC	ICGC_0055	DECEASED	13.83		NA	Frame_Shift_Ins	DS148DS	MUT	trunc	trunc	trunc	trunc	trunc	trunc
ICGC-ABMJ-20101130-32-TR	ICGC-ABMJ-20101130-32-TR	ICGC	ICGC_0061	DECEASED	32.33		NA	WT		WT						
ICGC-ABMJ-20110302-16-TR	ICGC-ABMJ-20110302-16-TR	ICGC	ICGC_0059	LIVING	41.93		NA	Frame_Shift_Ins	L201L	MUT	trunc	trunc	trunc	trunc	trunc	trunc
ICGC-ABMJ-20110302-19-TR	ICGC-ABMJ-20110302-19-TR	ICGC	ICGC_0063	LIVING	42.5		NA	WT		WT						
ICGC-ABMJ-20110329-15-TR	ICGC-ABMJ-20110329-15-TR	ICGC	ICGC_0099	DECEASED	0.27		NA	Missense_Mutation	R273H	MUT	miss	hotspot			R273	
ICGC-ABMJ-20110329-28-TR	ICGC-ABMJ-20110329-28-TR	ICGC	ICGC_0105	DECEASED	14.33		NA	In_Frame_Del	HH178H	MUT						
ICGC-ABMJ-20110329-38-TR	ICGC-ABMJ-20110329-38-TR	ICGC	ICGC_0103	DECEASED	36.37		NA	Missense_Mutation	V157F	MUT	miss					
ICGC-ABMJ-20110329-41-TR	ICGC-ABMJ-20110329-41-TR	ICGC	ICGC_0109	DECEASED	30.43		NA	WT		WT						
ICGC-ABMJ-20110329-54-TR	ICGC-ABMJ-20110329-54-TR	ICGC	ICGC_0205	DECEASED	9.37		NA	Missense_Mutation	R273H	MUT	miss	hotspot			R273	
ICGC-ABMJ-20110329-57-TR	ICGC-ABMJ-20110329-57-TR	ICGC	ICGC_0206	DECEASED	3.63		NA	Missense_Mutation	R273C	MUT	miss	hotspot			R273	
ICGC-ABMJ-20110329-60-TR	ICGC-ABMJ-20110329-60-TR	ICGC	ICGC_0207	DECEASED	6.83		NA	WT		WT						
ICGC-ABMJ-20110329-75-TR	ICGC-ABMJ-20110329-75-TR	ICGC	ICGC_0115	DECEASED	26.53		NA	Frame_Shift_Ins	P152P	MUT	trunc	trunc	trunc	trunc	trunc	trunc
ICGC-ABMJ-20110329-79-TR	ICGC-ABMJ-20110329-79-TR	ICGC	ICGC_0066	DECEASED	10.37		NA	WT		WT						
ICGC-ABMJ-20110401-03-TR	ICGC-ABMJ-20110401-03-TR	ICGC	ICGC_0052	LIVING	47.47		NA	Missense_Mutation	R248Q	MUT	miss	hotspot		R248		
ICGC-ABMJ-20110614-04-TR	ICGC-ABMJ-20110614-04-TR	ICGC	ICGC_0088	LIVING	46.93		NA	Nonsense_Mutation	Y236*	MUT	trunc	trunc	trunc	trunc	trunc	trunc
ICGC-ABMJ-20110807-04-TR	ICGC-ABMJ-20110807-04-TR	ICGC	ICGC_0067	DECEASED	16.5		NA	Missense_Mutation	R181H	MUT	miss					
ICGC-ABMJ-20111203-66-TR	ICGC-ABMJ-20111203-66-TR	ICGC	ICGC_0134	DECEASED	3.27		NA	Frame_Shift_Del	G325G	MUT	trunc	trunc	trunc	trunc	trunc	trunc
ICGC-ABMJ-20111203-67-TR	ICGC-ABMJ-20111203-67-TR	ICGC	ICGC_0140	LIVING	34.77		NA	Missense_Mutation	R282W	MUT	miss	hotspot				R282
ICGC-ABMJ-20111203-68-TR	ICGC-ABMJ-20111203-68-TR	ICGC	ICGC_0143	LIVING	30.3		NA	Missense_Mutation	Y220C	MUT	miss					
ICGC-ABMJ-20120201-13-TR	ICGC-ABMJ-20120201-13-TR	ICGC	ICGC_0146	LIVING	35.13		NA	WT		WT						
ICGC-ABMJ-20120201-23-TR	ICGC-ABMJ-20120201-23-TR	ICGC	ICGC_0141	DECEASED	12.93		NA	Frame_Shift_Del	H193H	MUT	trunc	trunc	trunc	trunc	trunc	trunc
ICGC-ABMJ-20120201-26-TR	ICGC-ABMJ-20120201-26-TR	ICGC	ICGC_0114	DECEASED	16.63		NA	Missense_Mutation	R249M	MUT	miss					
ICGC-ABMJ-20120222-06-TR	ICGC-ABMJ-20120222-06-TR	ICGC	ICGC_0153	DECEASED	13.73		NA	Missense_Mutation	S215G	MUT	miss					
ICGC-ABMJ-20120222-27-TR	ICGC-ABMJ-20120222-27-TR	ICGC	ICGC_0169	LIVING	28.47		NA	Frame_Shift_Ins	L201L	MUT	trunc	trunc	trunc	trunc	trunc	trunc
ICGC-ABMJ-20120321-06-TR	ICGC-ABMJ-20120321-06-TR	ICGC	ICGC_0149	LIVING	29.1		NA	Missense_Mutation	G266V	MUT	miss					
ICGC-ABMP-20091020-02-TR	ICGC-ABMP-20091020-02-TR	ICGC	ICGC_0009	DECEASED	13.3		NA	Missense_Mutation	R175H	MUT	miss	hotspot	R175			
TCGA-2J-AAB1-01A-11R-A41B-07	TCGA-2J-AAB1-01A-11R-A41B-07	TCGA	TCGA-2J-AAB1		NA		NA	WT		WT						
TCGA-2J-AAB4-01A-12R-A41B-07	TCGA-2J-AAB4-01A-12R-A41B-07	TCGA	TCGA-2J-AAB4	LIVING	23.95	DiseaseFree	23.95	"missense_variant,splice_region_variant"	p.Y126N	MUT	miss					
TCGA-2J-AAB6-01A-11R-A41B-07	TCGA-2J-AAB6-01A-11R-A41B-07	TCGA	TCGA-2J-AAB6	DECEASED	9.63	Recurred/Progressed	5.55	missense_variant	p.R273H	MUT	miss				R273	
TCGA-2J-AAB8-01A-12R-A41B-07	TCGA-2J-AAB8-01A-12R-A41B-07	TCGA	TCGA-2J-AAB8	LIVING	2.63	DiseaseFree	2.63	stop_gained	p.S166*	MUT	trunc					
TCGA-2J-AAB9-01A-11R-A41B-07	TCGA-2J-AAB9-01A-11R-A41B-07	TCGA	TCGA-2J-AAB9	DECEASED	20.6	Recurred/Progressed	17.12	stop_gained	p.Q104*	MUT	trunc					
TCGA-2J-AABA-01A-21R-A41B-07	TCGA-2J-AABA-01A-21R-A41B-07	TCGA	TCGA-2J-AABA	DECEASED	19.94	Recurred/Progressed	15.51	WT		WT						
TCGA-2J-AABE-01A-12R-A41B-07	TCGA-2J-AABE-01A-12R-A41B-07	TCGA	TCGA-2J-AABE	LIVING	22.21	DiseaseFree	22.21	WT		WT						
TCGA-2J-AABF-01A-31R-A41B-07	TCGA-2J-AABF-01A-31R-A41B-07	TCGA	TCGA-2J-AABF	DECEASED	22.7	Recurred/Progressed	22.04	stop_gained	p.C242*	MUT	trunc					
TCGA-2J-AABH-01A-21R-A41B-07	TCGA-2J-AABH-01A-21R-A41B-07	TCGA	TCGA-2J-AABH	LIVING	42.28	Recurred/Progressed	42.28	frameshift_variant	p.E62Kfs*61	MUT	trunc					
TCGA-2J-AABI-01A-12R-A41B-07	TCGA-2J-AABI-01A-12R-A41B-07	TCGA	TCGA-2J-AABI	LIVING	31.83	Recurred/Progressed	25.89	frameshift_variant	p.V217Gfs*31	MUT	trunc					
TCGA-2J-AABK-01A-31R-A41B-07	TCGA-2J-AABK-01A-31R-A41B-07	TCGA	TCGA-2J-AABK	LIVING	15.9	DiseaseFree	15.9	missense_variant	p.V272A	MUT	miss					
TCGA-2J-AABO-01A-21R-A41B-07	TCGA-2J-AABO-01A-21R-A41B-07	TCGA	TCGA-2J-AABO	LIVING	14.45	Recurred/Progressed	14.45	missense_variant	p.G266V	MUT	miss					
TCGA-2J-AABP-01A-11R-A41B-07	TCGA-2J-AABP-01A-11R-A41B-07	TCGA	TCGA-2J-AABP	LIVING	15.21	DiseaseFree	15.21	missense_variant	p.G245D	MUT	miss					
TCGA-2J-AABR-01A-11R-A41B-07	TCGA-2J-AABR-01A-11R-A41B-07	TCGA	TCGA-2J-AABR	LIVING	14.39	Recurred/Progressed	13.53	WT		WT						
TCGA-2J-AABT-01A-11R-A41B-07	TCGA-2J-AABT-01A-11R-A41B-07	TCGA	TCGA-2J-AABT	LIVING	10.48	DiseaseFree	10.48	frameshift_variant	p.R213Dfs*34	MUT	trunc					
TCGA-2J-AABU-01A-11R-A41B-07	TCGA-2J-AABU-01A-11R-A41B-07	TCGA	TCGA-2J-AABU	DECEASED	9.1	Recurred/Progressed	5.06	missense_variant	p.H214R	MUT	miss					
TCGA-2J-AABV-01A-12R-A41B-07	TCGA-2J-AABV-01A-12R-A41B-07	TCGA	TCGA-2J-AABV	DECEASED	21.42	Recurred/Progressed	20.27	WT		WT						
TCGA-2L-AAQA-01A-21R-A38C-07	TCGA-2L-AAQA-01A-21R-A38C-07	TCGA	TCGA-2L-AAQA	DECEASED	4.7		NA	missense_variant	p.R175H	MUT	miss		R175			
TCGA-2L-AAQE-01A-11R-A39D-07	TCGA-2L-AAQE-01A-11R-A39D-07	TCGA	TCGA-2L-AAQE	DECEASED	22.47		NA	stop_gained	p.Q38*	MUT	trunc					
TCGA-2L-AAQI-01A-12R-A39D-07	TCGA-2L-AAQI-01A-12R-A39D-07	TCGA	TCGA-2L-AAQI	DECEASED	3.38		NA	missense_variant	p.R283P	MUT	miss					
TCGA-2L-AAQJ-01A-12R-A39D-07	TCGA-2L-AAQJ-01A-12R-A39D-07	TCGA	TCGA-2L-AAQJ	DECEASED	12.94		NA	missense_variant	p.G266E	MUT	miss					
TCGA-2L-AAQL-01A-11R-A38C-07	TCGA-2L-AAQL-01A-11R-A38C-07	TCGA	TCGA-2L-AAQL	DECEASED	9.59		NA	splice_acceptor_variant	p.X126_splice	MUT	trunc					
TCGA-2L-AAQM-01A-11R-A39D-07	TCGA-2L-AAQM-01A-11R-A39D-07	TCGA	TCGA-2L-AAQM	LIVING	45.43	DiseaseFree	45.43	WT		WT						
TCGA-3A-A9I5-01A-11R-A38C-07	TCGA-3A-A9I5-01A-11R-A38C-07	TCGA	TCGA-3A-A9I5	LIVING	58.94	DiseaseFree	58.94	WT		WT						
TCGA-3A-A9I7-01A-21R-A38C-07	TCGA-3A-A9I7-01A-21R-A38C-07	TCGA	TCGA-3A-A9I7	LIVING	43.46	Recurred/Progressed	43	WT		WT						
TCGA-3A-A9I9-01A-11R-A38C-07	TCGA-3A-A9I9-01A-11R-A38C-07	TCGA	TCGA-3A-A9I9	DECEASED	20.83	Recurred/Progressed	16.85	missense_variant	p.G245S	MUT	miss					
TCGA-3A-A9IB-01A-21R-A39D-07	TCGA-3A-A9IB-01A-21R-A39D-07	TCGA	TCGA-3A-A9IB	DECEASED	7.36		NA	missense_variant	p.Y220C	MUT	miss					
TCGA-3A-A9IC-01A-11R-A38C-07	TCGA-3A-A9IC-01A-11R-A38C-07	TCGA	TCGA-3A-A9IC	DECEASED	24.24		NA	frameshift_variant	p.V122Dfs*26	MUT	trunc					
TCGA-3A-A9IH-01A-12R-A39D-07	TCGA-3A-A9IH-01A-12R-A39D-07	TCGA	TCGA-3A-A9IH	LIVING	33.54	Recurred/Progressed	25.07	missense_variant	p.V143E	MUT	miss					
TCGA-3A-A9IJ-01A-11R-A39D-07	TCGA-3A-A9IJ-01A-11R-A39D-07	TCGA	TCGA-3A-A9IJ	LIVING	60.91	DiseaseFree	60.91	WT		WT						
TCGA-3A-A9IL-01A-11R-A38C-07	TCGA-3A-A9IL-01A-11R-A38C-07	TCGA	TCGA-3A-A9IL	LIVING	90.05	DiseaseFree	90.05	WT		WT						
TCGA-3A-A9IN-01A-11R-A39D-07	TCGA-3A-A9IN-01A-11R-A39D-07	TCGA	TCGA-3A-A9IN	LIVING	68.46	DiseaseFree	68.46	WT		WT						
TCGA-3A-A9IO-01A-11R-A38C-07	TCGA-3A-A9IO-01A-11R-A38C-07	TCGA	TCGA-3A-A9IO	LIVING	63.8	DiseaseFree	63.8	WT		WT						
TCGA-3A-A9IR-01A-11R-A38C-07	TCGA-3A-A9IR-01A-11R-A38C-07	TCGA	TCGA-3A-A9IR	LIVING	50.66	DiseaseFree	50.66	WT		WT						
TCGA-3A-A9IS-01A-21R-A39D-07	TCGA-3A-A9IS-01A-21R-A39D-07	TCGA	TCGA-3A-A9IS	LIVING	32.79	DiseaseFree	32.79	WT		WT						
TCGA-3A-A9IU-01A-11R-A39D-07	TCGA-3A-A9IU-01A-11R-A39D-07	TCGA	TCGA-3A-A9IU	DECEASED	15.05	Recurred/Progressed	12.19	WT		WT						
TCGA-3A-A9IV-01A-11R-A41B-07	TCGA-3A-A9IV-01A-11R-A41B-07	TCGA	TCGA-3A-A9IV	LIVING	36.24	DiseaseFree	36.24	WT		WT						
TCGA-3A-A9IX-01A-11R-A41B-07	TCGA-3A-A9IX-01A-11R-A41B-07	TCGA	TCGA-3A-A9IX	LIVING	34.07	DiseaseFree	34.07	frameshift_variant	p.P152Rfs*18	MUT	trunc					
TCGA-3A-A9IZ-01A-12R-A41B-07	TCGA-3A-A9IZ-01A-12R-A41B-07	TCGA	TCGA-3A-A9IZ	DECEASED	10.12	Recurred/Progressed	3.58	missense_variant	p.S241Y	MUT	miss					
TCGA-3A-A9J0-01A-11R-A41B-07	TCGA-3A-A9J0-01A-11R-A41B-07	TCGA	TCGA-3A-A9J0	LIVING	24.41	Recurred/Progressed	11.93	splice_donor_variant	p.X187_splice	MUT	trunc					
TCGA-3E-AAAY-01A-11R-A38C-07	TCGA-3E-AAAY-01A-11R-A38C-07	TCGA	TCGA-3E-AAAY	LIVING	75.07	Recurred/Progressed	32.42	stop_gained	p.E294*	MUT	trunc					
TCGA-3E-AAAZ-01A-11R-A38C-07	TCGA-3E-AAAZ-01A-11R-A38C-07	TCGA	TCGA-3E-AAAZ	DECEASED	71.68	Recurred/Progressed	52.56	WT		WT						
TCGA-F2-6879-01A-11R-2156-07	TCGA-F2-6879-01A-11R-2156-07	TCGA	TCGA-F2-6879	DECEASED	10.97	Recurred/Progressed	6.01	missense_variant	p.Y220C	MUT	miss					
TCGA-F2-6880-01A-11R-2156-07	TCGA-F2-6880-01A-11R-2156-07	TCGA	TCGA-F2-6880	LIVING	9.69	DiseaseFree	9.69									
TCGA-F2-7273-01A-11R-2156-07	TCGA-F2-7273-01A-11R-2156-07	TCGA	TCGA-F2-7273	DECEASED	19.45	Recurred/Progressed	8.41	WT		WT						
TCGA-F2-7276-01A-11R-2156-07	TCGA-F2-7276-01A-11R-2156-07	TCGA	TCGA-F2-7276	DECEASED	7.1		NA									
TCGA-F2-A44G-01A-11R-A26U-07	TCGA-F2-A44G-01A-11R-A26U-07	TCGA	TCGA-F2-A44G	DECEASED	7.65	Recurred/Progressed	7.03	WT		WT						
TCGA-F2-A44H-01A-11R-A26U-07	TCGA-F2-A44H-01A-11R-A26U-07	TCGA	TCGA-F2-A44H	LIVING	19.25	DiseaseFree	19.25	WT		WT						
TCGA-F2-A7TX-01A-33R-A38C-07	TCGA-F2-A7TX-01A-33R-A38C-07	TCGA	TCGA-F2-A7TX	DECEASED	3.12		NA	missense_variant	p.V197M	MUT	miss					
TCGA-F2-A8YN-01A-11R-A37L-07	TCGA-F2-A8YN-01A-11R-A37L-07	TCGA	TCGA-F2-A8YN	LIVING	16.98	DiseaseFree	16.98	frameshift_variant	p.Y220*	MUT	trunc					
TCGA-FB-A4P5-01A-11R-A26U-07	TCGA-FB-A4P5-01A-11R-A26U-07	TCGA	TCGA-FB-A4P5	DECEASED	5.88		NA	WT		WT						
TCGA-FB-A4P6-01A-12R-A26U-07	TCGA-FB-A4P6-01A-12R-A26U-07	TCGA	TCGA-FB-A4P6	LIVING	25.2	Recurred/Progressed	20.37	WT		WT						
TCGA-FB-A545-01A-11R-A26U-07	TCGA-FB-A545-01A-11R-A26U-07	TCGA	TCGA-FB-A545	DECEASED	24.05	Recurred/Progressed	12.42	missense_variant	p.R273C	MUT	miss				R273	
TCGA-FB-A5VM-01A-11R-A32O-07	TCGA-FB-A5VM-01A-11R-A32O-07	TCGA	TCGA-FB-A5VM	DECEASED	16.36	Recurred/Progressed	5.81	frameshift_variant	p.L35Cfs*9	MUT	trunc					
TCGA-FB-A78T-01A-12R-A32O-07	TCGA-FB-A78T-01A-12R-A32O-07	TCGA	TCGA-FB-A78T	DECEASED	12.32		NA	missense_variant	p.R248L	MUT	miss			R248		
TCGA-FB-A7DR-01A-21R-A33R-07	TCGA-FB-A7DR-01A-21R-A33R-07	TCGA	TCGA-FB-A7DR	DECEASED	11.6		NA	WT		WT						
TCGA-FB-AAPP-01A-12R-A41B-07	TCGA-FB-AAPP-01A-12R-A41B-07	TCGA	TCGA-FB-AAPP	DECEASED	15.93	Recurred/Progressed	4.93	WT		WT						
TCGA-FB-AAPQ-01A-11R-A41B-07	TCGA-FB-AAPQ-01A-11R-A41B-07	TCGA	TCGA-FB-AAPQ	DECEASED	37.12		NA	frameshift_variant	p.S269Ifs*2	MUT	trunc					
TCGA-FB-AAPS-01A-12R-A39D-07	TCGA-FB-AAPS-01A-12R-A39D-07	TCGA	TCGA-FB-AAPS	LIVING	7.49	DiseaseFree	7.49	missense_variant	p.H179Y	MUT	miss					
TCGA-FB-AAPU-01A-31R-A41B-07	TCGA-FB-AAPU-01A-31R-A41B-07	TCGA	TCGA-FB-AAPU	DECEASED	12.52		NA	WT		WT						
TCGA-FB-AAPY-01A-11R-A41B-07	TCGA-FB-AAPY-01A-11R-A41B-07	TCGA	TCGA-FB-AAPY	DECEASED	34.79		NA	frameshift_variant	p.C242Afs*5	MUT	trunc					
TCGA-FB-AAPZ-01A-11R-A41B-07	TCGA-FB-AAPZ-01A-11R-A41B-07	TCGA	TCGA-FB-AAPZ	LIVING	23.52	Recurred/Progressed	23.52	stop_gained	p.R213*	MUT	trunc					
TCGA-FB-AAQ0-01A-31R-A41B-07	TCGA-FB-AAQ0-01A-31R-A41B-07	TCGA	TCGA-FB-AAQ0	DECEASED	15.54		NA	missense_variant	p.Y205S	MUT	miss					
TCGA-FB-AAQ1-01A-12R-A41B-07	TCGA-FB-AAQ1-01A-12R-A41B-07	TCGA	TCGA-FB-AAQ1	DECEASED	4.04		NA	frameshift_variant	p.V73Rfs*76	MUT	trunc					
TCGA-FB-AAQ2-01A-31R-A41B-07	TCGA-FB-AAQ2-01A-31R-A41B-07	TCGA	TCGA-FB-AAQ2	DECEASED	5.03	Recurred/Progressed	3.02	missense_variant	p.P278S	MUT	miss					
TCGA-FB-AAQ3-01A-11R-A41B-07	TCGA-FB-AAQ3-01A-11R-A41B-07	TCGA	TCGA-FB-AAQ3	DECEASED	1.02		NA	frameshift_variant	p.H178Pfs*3	MUT	trunc					
TCGA-FB-AAQ6-01A-11R-A41B-07	TCGA-FB-AAQ6-01A-11R-A41B-07	TCGA	TCGA-FB-AAQ6	DECEASED	8.02	Recurred/Progressed	7	missense_variant	p.R248Q	MUT	miss			R248		
TCGA-H6-8124-01A-11R-2404-07	TCGA-H6-8124-01A-11R-2404-07	TCGA	TCGA-H6-8124	LIVING	12.88	Recurred/Progressed	8.51	missense_variant	p.C238Y	MUT	miss					
TCGA-H6-A45N-01A-11R-A26U-07	TCGA-H6-A45N-01A-11R-A26U-07	TCGA	TCGA-H6-A45N	DECEASED	13.83	Recurred/Progressed	11.93	missense_variant	p.C238Y	MUT	miss					
TCGA-H8-A6C1-01A-11R-A32O-07	TCGA-H8-A6C1-01A-11R-A32O-07	TCGA	TCGA-H8-A6C1	LIVING	22.04	Recurred/Progressed	14.95	missense_variant	p.R282G	MUT	miss					R282
TCGA-HV-A5A3-01A-11R-A26U-07	TCGA-HV-A5A3-01A-11R-A26U-07	TCGA	TCGA-HV-A5A3	DECEASED	4.2		NA	missense_variant	p.R282G	MUT	miss					R282
TCGA-HV-A5A4-01A-11R-A26U-07	TCGA-HV-A5A4-01A-11R-A26U-07	TCGA	TCGA-HV-A5A4	LIVING	7.62	DiseaseFree	7.62	missense_variant	p.R282G	MUT	miss					R282
TCGA-HV-A5A5-01A-11R-A26U-07	TCGA-HV-A5A5-01A-11R-A26U-07	TCGA	TCGA-HV-A5A5	LIVING	9.49	DiseaseFree	9.49	frameshift_variant	p.P27Lfs*17	MUT	trunc					
TCGA-HV-A5A6-01A-11R-A26U-07	TCGA-HV-A5A6-01A-11R-A26U-07	TCGA	TCGA-HV-A5A6	DECEASED	66.89	Recurred/Progressed	59.76	missense_variant	p.R248W	MUT	miss			R248		
TCGA-HV-A7OL-01A-11R-A33R-07	TCGA-HV-A7OL-01A-11R-A33R-07	TCGA	TCGA-HV-A7OL	LIVING	8.28	Recurred/Progressed	4.04	missense_variant	p.R248W	MUT	miss			R248		
TCGA-HV-A7OP-01A-11R-A33R-07	TCGA-HV-A7OP-01A-11R-A33R-07	TCGA	TCGA-HV-A7OP	LIVING	32.13	Recurred/Progressed	11.37	missense_variant	p.R248W	MUT	miss			R248		
TCGA-HV-AA8V-01A-11R-A41B-07	TCGA-HV-AA8V-01A-11R-A41B-07	TCGA	TCGA-HV-AA8V	LIVING	30.22	Recurred/Progressed	17.28	missense_variant	p.R248W	MUT	miss			R248		
TCGA-HV-AA8X-01A-11R-A39D-07	TCGA-HV-AA8X-01A-11R-A39D-07	TCGA	TCGA-HV-AA8X	DECEASED	17.48	Recurred/Progressed	12.32	WT		WT						
TCGA-HZ-7289-01A-11R-2156-07	TCGA-HZ-7289-01A-11R-2156-07	TCGA	TCGA-HZ-7289	DECEASED	21.71	Recurred/Progressed	7.49	missense_variant	p.Y205F	MUT	miss					
TCGA-HZ-7918-01A-11R-2156-07	TCGA-HZ-7918-01A-11R-2156-07	TCGA	TCGA-HZ-7918	LIVING	31.83	Recurred/Progressed	17.81	frameshift_variant	p.R342Efs*3	MUT	trunc					
TCGA-HZ-7919-01A-11R-2156-07	TCGA-HZ-7919-01A-11R-2156-07	TCGA	TCGA-HZ-7919	DECEASED	19.48		NA	missense_variant	p.N131I	MUT	miss					
TCGA-HZ-7920-01A-11R-2204-07	TCGA-HZ-7920-01A-11R-2204-07	TCGA	TCGA-HZ-7920	DECEASED	7.75		NA	WT		WT						
TCGA-HZ-7922-01A-11R-2156-07	TCGA-HZ-7922-01A-11R-2156-07	TCGA	TCGA-HZ-7922	LIVING	0.13	DiseaseFree	0.13	missense_variant	p.P151R	MUT	miss					
TCGA-HZ-7923-01A-12R-2156-07	TCGA-HZ-7923-01A-12R-2156-07	TCGA	TCGA-HZ-7923	LIVING	10.32	DiseaseFree	10.32	missense_variant	p.D259V	MUT	miss					
TCGA-HZ-7924-01A-11R-2156-07	TCGA-HZ-7924-01A-11R-2156-07	TCGA	TCGA-HZ-7924	LIVING	27.6	Recurred/Progressed	27.3	WT		WT						
TCGA-HZ-7925-01A-11R-2156-07	TCGA-HZ-7925-01A-11R-2156-07	TCGA	TCGA-HZ-7925	DECEASED	20.17	Recurred/Progressed	11.96	WT		WT						
TCGA-HZ-7926-01A-11R-2156-07	TCGA-HZ-7926-01A-11R-2156-07	TCGA	TCGA-HZ-7926	DECEASED	17.02	Recurred/Progressed	11.17	WT		WT						
TCGA-HZ-8001-01A-11R-2204-07	TCGA-HZ-8001-01A-11R-2204-07	TCGA	TCGA-HZ-8001	LIVING	23.19	DiseaseFree	23.19	WT		WT						
TCGA-HZ-8002-01A-11R-2204-07	TCGA-HZ-8002-01A-11R-2204-07	TCGA	TCGA-HZ-8002	DECEASED	12.02		NA	stop_gained	p.R196*	MUT	trunc					
TCGA-HZ-8003-01A-21R-2204-07	TCGA-HZ-8003-01A-21R-2204-07	TCGA	TCGA-HZ-8003	DECEASED	19.58		NA									
TCGA-HZ-8005-01A-11R-2204-07	TCGA-HZ-8005-01A-11R-2204-07	TCGA	TCGA-HZ-8005	DECEASED	3.94		NA	WT		WT						
TCGA-HZ-8315-01A-11R-2404-07	TCGA-HZ-8315-01A-11R-2404-07	TCGA	TCGA-HZ-8315	DECEASED	9.82		NA	stop_gained	p.C135*	MUT	trunc					
TCGA-HZ-8317-01A-11R-2404-07	TCGA-HZ-8317-01A-11R-2404-07	TCGA	TCGA-HZ-8317	DECEASED	12.42		NA	frameshift_variant	p.G302Rfs*4	MUT	trunc					
TCGA-HZ-8519-01A-11R-2404-07	TCGA-HZ-8519-01A-11R-2404-07	TCGA	TCGA-HZ-8519	LIVING	14.91	DiseaseFree	14.91	missense_variant	p.R248Q	MUT	miss			R248		
TCGA-HZ-8636-01A-21R-2404-07	TCGA-HZ-8636-01A-21R-2404-07	TCGA	TCGA-HZ-8636	DECEASED	17.9		NA	WT		WT						
TCGA-HZ-8637-01A-11R-2404-07	TCGA-HZ-8637-01A-11R-2404-07	TCGA	TCGA-HZ-8637	DECEASED	16.98		NA	WT		WT						
TCGA-HZ-8638-01A-11R-2404-07	TCGA-HZ-8638-01A-11R-2404-07	TCGA	TCGA-HZ-8638	DECEASED	4.96		NA	splice_donor_variant	p.X331_splice	MUT	trunc					
TCGA-HZ-A49G-01A-11R-A26U-07	TCGA-HZ-A49G-01A-11R-A26U-07	TCGA	TCGA-HZ-A49G	LIVING	21.68	DiseaseFree	21.68	missense_variant	p.H179R	MUT	miss					
TCGA-HZ-A49H-01A-11R-A26U-07	TCGA-HZ-A49H-01A-11R-A26U-07	TCGA	TCGA-HZ-A49H	LIVING	16.13	DiseaseFree	16.13	WT		WT						
TCGA-HZ-A49I-01A-12R-A26U-07	TCGA-HZ-A49I-01A-12R-A26U-07	TCGA	TCGA-HZ-A49I	DECEASED	10.12		NA									
TCGA-HZ-A4BH-01A-11R-A26U-07	TCGA-HZ-A4BH-01A-11R-A26U-07	TCGA	TCGA-HZ-A4BH	LIVING	6.37	DiseaseFree	6.37	inframe_insertion	p.V173dup	MUT						
TCGA-HZ-A4BK-01A-11R-A26U-07	TCGA-HZ-A4BK-01A-11R-A26U-07	TCGA	TCGA-HZ-A4BK	LIVING	21.58	DiseaseFree	21.58	missense_variant	p.G245S	MUT	miss					
TCGA-HZ-A77O-01A-11R-A33R-07	TCGA-HZ-A77O-01A-11R-A33R-07	TCGA	TCGA-HZ-A77O	DECEASED	5.26	Recurred/Progressed	3.22	WT		WT						
TCGA-HZ-A77P-01A-11R-A33R-07	TCGA-HZ-A77P-01A-11R-A33R-07	TCGA	TCGA-HZ-A77P	LIVING	10.84	DiseaseFree	10.84	missense_variant	p.C275F	MUT	miss					
TCGA-HZ-A77Q-01A-11R-A36G-07	TCGA-HZ-A77Q-01A-11R-A36G-07	TCGA	TCGA-HZ-A77Q	LIVING	1.08	DiseaseFree	1.08	WT		WT						
TCGA-HZ-A8P0-01A-11R-A36G-07	TCGA-HZ-A8P0-01A-11R-A36G-07	TCGA	TCGA-HZ-A8P0	LIVING	0	DiseaseFree	0	missense_variant	p.M246R	MUT	miss					
TCGA-HZ-A8P1-01A-11R-A37L-07	TCGA-HZ-A8P1-01A-11R-A37L-07	TCGA	TCGA-HZ-A8P1	LIVING	0.23	DiseaseFree	0.23	missense_variant	p.C135Y	MUT	miss					
TCGA-HZ-A9TJ-01A-11R-A41I-07	TCGA-HZ-A9TJ-01A-11R-A41I-07	TCGA	TCGA-HZ-A9TJ	LIVING	19.81	Recurred/Progressed	18.23	missense_variant	"p.P151T, p.S127F"	MUT	miss					
TCGA-IB-7644-01A-11R-2156-07	TCGA-IB-7644-01A-11R-2156-07	TCGA	TCGA-IB-7644	DECEASED	12.94	Recurred/Progressed	10.05	WT		WT						
TCGA-IB-7645-01A-22R-2204-07	TCGA-IB-7645-01A-22R-2204-07	TCGA	TCGA-IB-7645	DECEASED	49.34	Recurred/Progressed	39.75	WT		WT						
TCGA-IB-7646-01A-11R-2156-07	TCGA-IB-7646-01A-11R-2156-07	TCGA	TCGA-IB-7646	DECEASED	4.76	Recurred/Progressed	4.34	missense_variant	p.R175H	MUT	miss		R175			
TCGA-IB-7649-01A-11R-2156-07	TCGA-IB-7649-01A-11R-2156-07	TCGA	TCGA-IB-7649	DECEASED	15.34	Recurred/Progressed	9.26	missense_variant	p.R175H	MUT	miss		R175			
TCGA-IB-7651-01A-11R-2156-07	TCGA-IB-7651-01A-11R-2156-07	TCGA	TCGA-IB-7651	DECEASED	19.81	Recurred/Progressed	19.09	missense_variant	p.R175H	MUT	miss		R175			
TCGA-IB-7652-01A-11R-2156-07	TCGA-IB-7652-01A-11R-2156-07	TCGA	TCGA-IB-7652	LIVING	36.66	DiseaseFree	36.66	missense_variant	p.R175H	MUT	miss		R175			
TCGA-IB-7654-01A-11R-2156-07	TCGA-IB-7654-01A-11R-2156-07	TCGA	TCGA-IB-7654	DECEASED	15.64		NA	missense_variant	p.R175H	MUT	miss		R175			
TCGA-IB-7885-01A-11R-2156-07	TCGA-IB-7885-01A-11R-2156-07	TCGA	TCGA-IB-7885	LIVING	41.29	DiseaseFree	41.29	missense_variant	p.R175H	MUT	miss		R175			
TCGA-IB-7886-01A-11R-2156-07	TCGA-IB-7886-01A-11R-2156-07	TCGA	TCGA-IB-7886	DECEASED	4.04		NA	missense_variant	p.R175H	MUT	miss		R175			
TCGA-IB-7887-01A-11R-2156-07	TCGA-IB-7887-01A-11R-2156-07	TCGA	TCGA-IB-7887	DECEASED	3.61		NA	missense_variant	p.R175H	MUT	miss		R175			
TCGA-IB-7888-01A-11R-2156-07	TCGA-IB-7888-01A-11R-2156-07	TCGA	TCGA-IB-7888	DECEASED	43.76	Recurred/Progressed	14.03	missense_variant	p.R110L	MUT	miss					
TCGA-IB-7889-01A-11R-2156-07	TCGA-IB-7889-01A-11R-2156-07	TCGA	TCGA-IB-7889	DECEASED	15.8	Recurred/Progressed	11.56	stop_gained	p.R196*	MUT	trunc					
TCGA-IB-7890-01A-12R-2204-07	TCGA-IB-7890-01A-12R-2204-07	TCGA	TCGA-IB-7890	DECEASED	19.65	Recurred/Progressed	17.05	missense_variant	p.I255T	MUT	miss					
TCGA-IB-7891-01A-11R-2204-07	TCGA-IB-7891-01A-11R-2204-07	TCGA	TCGA-IB-7891	DECEASED	29.99	Recurred/Progressed	28.65	splice_donor_variant	p.X125_splice	MUT	trunc					
TCGA-IB-7893-01A-11R-2204-07	TCGA-IB-7893-01A-11R-2204-07	TCGA	TCGA-IB-7893	DECEASED	3.84	Recurred/Progressed	2.63	WT		WT						
TCGA-IB-7897-01A-21R-2204-07	TCGA-IB-7897-01A-21R-2204-07	TCGA	TCGA-IB-7897	DECEASED	15.97	Recurred/Progressed	13.04	missense_variant	p.R175H	MUT	miss		R175			
TCGA-IB-8126-01A-11R-2404-07	TCGA-IB-8126-01A-11R-2404-07	TCGA	TCGA-IB-8126	LIVING	15.18	Recurred/Progressed	2.73									
TCGA-IB-8127-01A-11R-2404-07	TCGA-IB-8127-01A-11R-2404-07	TCGA	TCGA-IB-8127	LIVING	17.15	Recurred/Progressed	15.97	WT		WT						
TCGA-IB-A5SO-01A-11R-A32O-07	TCGA-IB-A5SO-01A-11R-A32O-07	TCGA	TCGA-IB-A5SO	DECEASED	11.99	Recurred/Progressed	9.07	frameshift_variant	p.D57Kfs*67	MUT	trunc					
TCGA-IB-A5SP-01A-11R-A32O-07	TCGA-IB-A5SP-01A-11R-A32O-07	TCGA	TCGA-IB-A5SP	LIVING	15.83	Recurred/Progressed	9.86	missense_variant	p.S215G	MUT	miss					
TCGA-IB-A5SQ-01A-11R-A32O-07	TCGA-IB-A5SQ-01A-11R-A32O-07	TCGA	TCGA-IB-A5SQ	DECEASED	7.19	Recurred/Progressed	6.47	stop_gained	p.Q192*	MUT	trunc					
TCGA-IB-A5SS-01A-11R-A32O-07	TCGA-IB-A5SS-01A-11R-A32O-07	TCGA	TCGA-IB-A5SS	DECEASED	15.11	Recurred/Progressed	2.17	stop_gained	p.E298*	MUT	trunc					
TCGA-IB-A5ST-01A-11R-A32O-07	TCGA-IB-A5ST-01A-11R-A32O-07	TCGA	TCGA-IB-A5ST	LIVING	20.86	DiseaseFree	20.86	stop_gained	p.G199*	MUT	trunc					
TCGA-IB-A6UF-01A-23R-A33R-07	TCGA-IB-A6UF-01A-23R-A33R-07	TCGA	TCGA-IB-A6UF	LIVING	21.88	Recurred/Progressed	19.48	missense_variant	p.G245V	MUT	miss					
TCGA-IB-A6UG-01A-32R-A33R-07	TCGA-IB-A6UG-01A-32R-A33R-07	TCGA	TCGA-IB-A6UG	DECEASED	1.35		NA	missense_variant	p.I254S	MUT	miss					
TCGA-IB-A7LX-01A-12R-A36G-07	TCGA-IB-A7LX-01A-12R-A36G-07	TCGA	TCGA-IB-A7LX	DECEASED	8.21	Recurred/Progressed	7.56	WT		WT						
TCGA-IB-A7M4-01A-11R-A36G-07	TCGA-IB-A7M4-01A-11R-A36G-07	TCGA	TCGA-IB-A7M4	LIVING	15.87	DiseaseFree	15.87	WT		WT						
TCGA-IB-AAUM-01A-11R-A37L-07	TCGA-IB-AAUM-01A-11R-A37L-07	TCGA	TCGA-IB-AAUM	LIVING	0.26	DiseaseFree	0.26	missense_variant	p.R273C	MUT	miss				R273	
TCGA-IB-AAUN-01A-12R-A38C-07	TCGA-IB-AAUN-01A-12R-A38C-07	TCGA	TCGA-IB-AAUN	DECEASED	4.73	Recurred/Progressed	4.3	stop_gained	p.R196*	MUT	trunc					
TCGA-IB-AAUO-01A-12R-A38C-07	TCGA-IB-AAUO-01A-12R-A38C-07	TCGA	TCGA-IB-AAUO	DECEASED	7.85	Recurred/Progressed	6.93	missense_variant	p.S241F	MUT	miss					
TCGA-IB-AAUP-01A-11R-A37L-07	TCGA-IB-AAUP-01A-11R-A37L-07	TCGA	TCGA-IB-AAUP	LIVING	14.16	DiseaseFree	14.16	WT		WT						
TCGA-IB-AAUQ-01A-22R-A41I-07	TCGA-IB-AAUQ-01A-22R-A41I-07	TCGA	TCGA-IB-AAUQ	DECEASED	6.01	Recurred/Progressed	3.52	missense_variant	p.R282W	MUT	miss					R282
TCGA-IB-AAUR-01A-21R-A38C-07	TCGA-IB-AAUR-01A-21R-A38C-07	TCGA	TCGA-IB-AAUR	LIVING	11.1	Recurred/Progressed	10.84	WT		WT						
TCGA-IB-AAUS-01A-12R-A38C-07	TCGA-IB-AAUS-01A-12R-A38C-07	TCGA	TCGA-IB-AAUS	LIVING	7.39	DiseaseFree	7.39	missense_variant	p.R273H	MUT	miss				R273	
TCGA-IB-AAUT-01A-11R-A37L-07	TCGA-IB-AAUT-01A-11R-A37L-07	TCGA	TCGA-IB-AAUT	LIVING	9.43	DiseaseFree	9.43	missense_variant	p.R248W	MUT	miss			R248		
TCGA-IB-AAUU-01A-11R-A37L-07	TCGA-IB-AAUU-01A-11R-A37L-07	TCGA	TCGA-IB-AAUU	LIVING	8.05	DiseaseFree	8.05	WT		WT						
TCGA-IB-AAUV-01A-11R-A38C-07	TCGA-IB-AAUV-01A-11R-A38C-07	TCGA	TCGA-IB-AAUV	LIVING	13.27	DiseaseFree	13.27	missense_variant	p.P250L	MUT	miss					
TCGA-IB-AAUW-01A-12R-A38C-07	TCGA-IB-AAUW-01A-12R-A38C-07	TCGA	TCGA-IB-AAUW	DECEASED	7.56	Recurred/Progressed	6.08	WT		WT						
TCGA-L1-A7W4-01A-12R-A36G-07	TCGA-L1-A7W4-01A-12R-A36G-07	TCGA	TCGA-L1-A7W4	DECEASED	9.13	Recurred/Progressed	4.24	missense_variant	p.R337C	MUT	miss					
TCGA-LB-A7SX-01A-11R-A33R-07	TCGA-LB-A7SX-01A-11R-A33R-07	TCGA	TCGA-LB-A7SX	DECEASED	12.91		NA	WT		WT						
TCGA-LB-A8F3-01A-11R-A36G-07	TCGA-LB-A8F3-01A-11R-A36G-07	TCGA	TCGA-LB-A8F3	LIVING	12.45	DiseaseFree	12.45	WT		WT						
TCGA-LB-A9Q5-01A-11R-A39D-07	TCGA-LB-A9Q5-01A-11R-A39D-07	TCGA	TCGA-LB-A9Q5	DECEASED	10.28	Recurred/Progressed	9.53	missense_variant	p.H179Y	MUT	miss					
TCGA-M8-A5N4-01A-11R-A26U-07	TCGA-M8-A5N4-01A-11R-A26U-07	TCGA	TCGA-M8-A5N4	LIVING	19.19	Recurred/Progressed	13.67	WT		WT						
TCGA-OE-A75W-01A-12R-A32O-07	TCGA-OE-A75W-01A-12R-A32O-07	TCGA	TCGA-OE-A75W	DECEASED	8.77	Recurred/Progressed	4.8	WT		WT						
TCGA-PZ-A5RE-01A-11R-A32O-07	TCGA-PZ-A5RE-01A-11R-A32O-07	TCGA	TCGA-PZ-A5RE	DECEASED	15.44	Recurred/Progressed	12.91									
TCGA-Q3-A5QY-01A-12R-A32O-07	TCGA-Q3-A5QY-01A-12R-A32O-07	TCGA	TCGA-Q3-A5QY	LIVING	13.67	DiseaseFree	13.67	frameshift_variant	p.T123Dfs*26	MUT	trunc					
TCGA-Q3-AA2A-01A-11R-A37L-07	TCGA-Q3-AA2A-01A-11R-A37L-07	TCGA	TCGA-Q3-AA2A	LIVING	3.12	DiseaseFree	3.12	WT		WT						
TCGA-RB-A7B8-01A-12R-A33R-07	TCGA-RB-A7B8-01A-12R-A33R-07	TCGA	TCGA-RB-A7B8	DECEASED	15.31	Recurred/Progressed	14.75	WT		WT						
TCGA-RB-AA9M-01A-11R-A39D-07	TCGA-RB-AA9M-01A-11R-A39D-07	TCGA	TCGA-RB-AA9M	LIVING	9.4	Recurred/Progressed	8.48									
TCGA-RL-AAAS-01A-32R-A39D-07	TCGA-RL-AAAS-01A-32R-A39D-07	TCGA	TCGA-RL-AAAS	LIVING	0.3	DiseaseFree	0.3	stop_gained	p.R213*	MUT	trunc					
TCGA-S4-A8RM-01A-11R-A37L-07	TCGA-S4-A8RM-01A-11R-A37L-07	TCGA	TCGA-S4-A8RM	LIVING	24.21	DiseaseFree	24.21	WT		WT						
TCGA-S4-A8RO-01A-12R-A37L-07	TCGA-S4-A8RO-01A-12R-A37L-07	TCGA	TCGA-S4-A8RO	LIVING	17.25	Recurred/Progressed	9.56	stop_gained	p.R213*	MUT	trunc					
TCGA-S4-A8RP-01A-11R-A36G-07	TCGA-S4-A8RP-01A-11R-A36G-07	TCGA	TCGA-S4-A8RP	DECEASED	23.06		NA	missense_variant	p.V274F	MUT	miss					
TCGA-US-A774-01A-21R-A32O-07	TCGA-US-A774-01A-21R-A32O-07	TCGA	TCGA-US-A774	DECEASED	22.83	Recurred/Progressed	12.02	stop_gained	p.R306*	MUT	trunc					
TCGA-US-A776-01A-13R-A33R-07	TCGA-US-A776-01A-13R-A33R-07	TCGA	TCGA-US-A776	LIVING	39.95	DiseaseFree	39.95	missense_variant	p.L194H	MUT	miss					
TCGA-US-A779-01A-11R-A32O-07	TCGA-US-A779-01A-11R-A32O-07	TCGA	TCGA-US-A779	DECEASED	16.79		NA	missense_variant	p.L194H	MUT	miss					
TCGA-US-A77E-01A-11R-A32O-07	TCGA-US-A77E-01A-11R-A32O-07	TCGA	TCGA-US-A77E	DECEASED	14.13	Recurred/Progressed	5.45	WT		WT						
TCGA-US-A77G-01A-11R-A32O-07	TCGA-US-A77G-01A-11R-A32O-07	TCGA	TCGA-US-A77G	DECEASED	0.39		NA	WT		WT						
TCGA-US-A77J-01A-11R-A32O-07	TCGA-US-A77J-01A-11R-A32O-07	TCGA	TCGA-US-A77J	DECEASED	18.66		NA	WT		WT						
TCGA-XD-AAUG-01A-61R-A41B-07	TCGA-XD-AAUG-01A-61R-A41B-07	TCGA	TCGA-XD-AAUG	LIVING	13.8	DiseaseFree	13.8	stop_gained	p.E286*	MUT	trunc					
TCGA-XD-AAUH-01A-42R-A41B-07	TCGA-XD-AAUH-01A-42R-A41B-07	TCGA	TCGA-XD-AAUH	LIVING	12.98	Recurred/Progressed	2.86									
TCGA-XD-AAUI-01A-42R-A41B-07	TCGA-XD-AAUI-01A-42R-A41B-07	TCGA	TCGA-XD-AAUI	DECEASED	12.02	Recurred/Progressed	6.04	WT		WT						
TCGA-XD-AAUL-01A-21R-A39D-07	TCGA-XD-AAUL-01A-21R-A39D-07	TCGA	TCGA-XD-AAUL	LIVING	16.36	DiseaseFree	16.36	missense_variant	p.R282W	MUT	miss					R282
TCGA-XN-A8T3-01A-11R-A36G-07	TCGA-XN-A8T3-01A-11R-A36G-07	TCGA	TCGA-XN-A8T3	LIVING	31.24	DiseaseFree	31.24	WT		WT						
TCGA-XN-A8T5-01A-12R-A36G-07	TCGA-XN-A8T5-01A-12R-A36G-07	TCGA	TCGA-XN-A8T5	LIVING	23.65	Recurred/Progressed	7.95	WT		WT						
TCGA-YB-A89D-01A-12R-A36G-07	TCGA-YB-A89D-01A-12R-A36G-07	TCGA	TCGA-YB-A89D	LIVING	11.5	DiseaseFree	11.5	WT		WT						
TCGA-YH-A8SY-01A-11R-A37L-07	TCGA-YH-A8SY-01A-11R-A37L-07	TCGA	TCGA-YH-A8SY	LIVING	12.75	DiseaseFree	12.75	WT		WT						
TCGA-YY-A8LH-01A-11R-A36G-07	TCGA-YY-A8LH-01A-11R-A36G-07	TCGA	TCGA-YY-A8LH	LIVING	66.23	DiseaseFree	66.23	WT		WT						
TCGA-Z5-AAPL-01A-12R-A41B-07	TCGA-Z5-AAPL-01A-12R-A41B-07	TCGA	TCGA-Z5-AAPL	LIVING	15.34	DiseaseFree	15.34	missense_variant	p.N239D	MUT	miss					
